HS2017,SITC2
010121,0015
010129,0015
010130,0015
010190,0015
010221,00111
010229,00119
010231,00111
010239,00119
010290,00119
010310,0013
010391,0013
010392,0013
010410,00121
010420,00122
010511,00141
010512,00141
010513,00141
010514,00141
010515,00141
010594,00149
010599,00149
010611,9410
010612,9410
010613,9410
010614,9410
010619,9410
010620,9410
010631,9410
010632,9410
010633,9410
010639,9410
010641,9410
010649,9410
010690,9410
020110,01111
020120,01111
020130,01112
020210,01111
020220,01111
020230,01112
020311,0113
020312,0113
020319,0113
020321,0113
020322,0113
020329,0113
020410,0112
020421,0112
020422,0112
020423,0112
020430,0112
020441,0112
020442,0112
020443,0112
020450,0112
020500,0115
020610,0116
020621,0116
020622,0116
020629,0116
020630,0116
020641,0116
020649,0116
020680,0116
020690,0116
020711,0114
020712,0114
020713,0114
020714,0114
020724,0114
020725,0114
020726,0114
020727,0114
020741,0114
020742,0114
020743,01181
020744,0114
020745,0114
020751,0114
020752,0114
020753,01181
020754,0114
020755,0114
020760,0114
020810,01189
020830,01189
020840,01189
020850,01189
020860,01189
020890,01189
020910,41131
020990,41131
021011,0121
021012,0121
021019,0121
021020,0129
021091,0149
021092,0149
021093,0149
021099,0149
030111,0341
030119,0341
030191,0341
030192,0341
030193,0341
030194,0341
030195,0341
030199,0341
030211,0341
030213,0341
030214,0341
030219,0341
030221,0341
030222,0341
030223,0341
030224,0341
030229,0341
030231,0341
030232,0341
030233,0341
030234,0341
030235,0341
030236,0341
030239,0341
030241,0341
030242,0341
030243,0341
030244,0341
030245,0341
030246,0341
030247,0341
030249,0341
030251,0341
030252,0341
030253,0341
030254,0341
030255,0341
030256,0341
030259,0341
030271,0341
030272,0341
030273,0341
030274,0341
030279,0341
030281,0341
030282,0341
030283,0341
030284,0341
030285,0341
030289,0341
030291,0341
030292,0341
030299,0341
030311,0342
030312,0342
030313,0342
030314,0342
030319,0342
030323,0342
030324,0342
030325,0342
030326,0342
030329,0342
030331,0341
030332,0341
030333,0341
030334,0341
030339,0341
030341,0342
030342,0342
030343,0342
030344,0342
030345,0342
030346,0342
030349,0342
030351,0342
030353,0342
030354,0342
030355,0342
030356,0342
030357,0342
030359,0342
030363,0342
030364,0342
030365,0342
030366,0342
030367,0342
030368,0342
030369,0342
030381,0342
030382,0342
030383,0342
030384,0342
030389,0342
030391,0342
030392,0342
030399,034
030431,0341
030432,0341
030433,0341
030439,0341
030441,0341
030442,0341
030443,0341
030444,0341
030445,0341
030446,0341
030447,0341
030448,0341
030449,0341
030451,0341
030452,0341
030453,0341
030454,0341
030455,0341
030456,0341
030457,0341
030459,0341
030461,0344
030462,0344
030463,0344
030469,0344
030471,0344
030472,0344
030473,0344
030474,0344
030475,0344
030479,0344
030481,0344
030482,0344
030483,0344
030484,0344
030485,0344
030486,0344
030487,0344
030488,0344
030489,0344
030491,0342
030492,0342
030493,0342
030494,0342
030495,0342
030496,0342
030497,0342
030499,0342
030510,03501
030520,0350
030531,03503
030532,03503
030539,03503
030541,03504
030542,03504
030543,03504
030544,03504
030549,03504
030551,03502
030552,03503
030553,03503
030554,03503
030559,03503
030561,03503
030562,03503
030563,03503
030564,03503
030569,03503
030571,0350
030572,0350
030579,0350
030611,0360
030612,0360
030614,0360
030615,0360
030616,0360
030617,0360
030619,0360
030631,0360
030632,0360
030633,0360
030634,0360
030635,0360
030636,0360
030639,0360
030691,0360
030692,0360
030693,0360
030694,0360
030695,0360
030699,0360
030711,0360
030712,036
030719,036
030721,0360
030722,036
030729,036
030731,0360
030732,036
030739,036
030742,0360
030743,036
030749,036
030751,0360
030752,036
030759,036
030760,034
030771,0360
030772,036
030779,036
030781,0360
030782,0360
030783,036
030784,036
030787,036
030788,036
030791,0360
030792,036
030799,036
030811,0360
030812,036
030819,036
030821,0360
030822,036
030829,036
030830,036
030890,036
040110,0223
040120,0223
040140,0223
040150,0223
040210,02242
040221,02243
040229,02243
040291,02249
040299,02249
040310,098
040390,098
040410,022
040490,022
040510,0230
040520,0230
040590,0230
040610,0240
040620,0240
040630,0240
040640,0240
040690,0240
040711,0251
040719,0251
040721,0251
040729,0251
040790,0251
040811,0252
040819,0252
040891,0252
040899,0252
040900,0616
041000,09808
050100,29191
050210,29192
050290,29192
050400,29193
050510,29196
050590,29196
050610,29111
050690,29111
050710,29116
050790,29116
050800,29115
051000,29198
051110,29199
051191,29199
051199,29199
060110,292
060120,292
060210,29269
060220,29269
060230,29269
060240,29269
060290,29269
060311,29271
060312,29271
060313,29271
060314,29271
060315,29271
060319,29271
060390,29271
060420,29272
060490,29272
070110,0541
070190,0541
070200,0544
070310,05451
070320,05451
070390,05451
070410,05459
070420,05459
070490,05459
070511,05459
070519,05459
070521,05459
070529,05459
070610,05459
070690,05459
070700,05459
070810,05459
070820,05459
070890,05459
070920,044
070930,044
070940,044
070951,05459
070959,05459
070960,044
070970,044
070991,044
070992,044
070993,044
070999,044
071010,05461
071021,05461
071022,05461
071029,05461
071030,05461
071040,09809
071080,05461
071090,05461
071120,098
071140,098
071151,098
071159,098
071190,098
071220,0561
071231,0561
071232,0561
071233,0561
071239,0561
071290,0561
071310,0542
071320,0542
071331,0542
071332,0542
071333,0542
071334,0542
071335,0542
071339,0542
071340,0542
071350,0542
071360,0542
071390,0542
071410,05481
071420,05481
071430,05481
071440,05481
071450,05481
071490,05481
080111,05771
080112,05771
080119,05771
080121,05772
080122,05772
080131,05773
080132,05773
080211,05774
080212,05774
080221,05775
080222,05775
080231,05779
080232,05779
080241,05779
080242,05779
080251,05779
080252,05779
080261,05779
080262,05779
080270,05779
080280,05779
080290,05779
080310,0573
080390,0573
080410,05796
080420,0576
080430,05795
080440,05797
080450,05797
080510,05711
080521,05712
080522,05712
080529,05712
080540,05722
080550,05721
080590,05729
080610,05751
080620,05752
080711,05798
080719,05798
080720,05798
080810,0574
080830,05792
080840,05792
080910,05793
080921,05793
080929,05793
080930,05793
080940,05793
081010,05794
081020,05794
081030,0579
081040,05794
081050,0579
081060,0579
081070,0579
081090,0579
081110,05861
081120,05861
081190,05861
081210,05863
081290,05863
081310,057
081320,057
081330,057
081340,057
081350,057
081400,05864
090111,07111
090112,07111
090121,07112
090122,07112
090190,0711
090210,0741
090220,0741
090230,0741
090240,0741
090300,0742
090411,0751
090412,0751
090421,075
090422,075
090510,07521
090520,07521
090611,07522
090619,07522
090620,07522
090710,07523
090720,07523
090811,07524
090812,07524
090821,07524
090822,07524
090831,07524
090832,07524
090921,07525
090922,07525
090931,07525
090932,07525
090961,07525
090962,07525
091011,07526
091012,07526
091020,07528
091030,07528
091091,07528
091099,07528
100111,0411
100119,0411
100191,0412
100199,0412
100210,0451
100290,0451
100310,0430
100390,0430
100410,0452
100490,0452
100510,0440
100590,0440
100610,04211
100620,04212
100630,04221
100640,04222
100710,04592
100790,04592
100810,04599
100821,04591
100829,04591
100830,04599
100840,04599
100850,04599
100860,04599
100890,04599
110100,04601
110220,04701
110290,04701
110311,04602
110313,04702
110319,04702
110320,04602
110412,04811
110419,04811
110422,04811
110423,04811
110429,04811
110430,04811
110510,05643
110520,05643
110610,05649
110620,05649
110630,05649
110710,0482
110720,0482
110811,59211
110812,59211
110813,59211
110814,59211
110819,59211
110820,59211
110900,59212
120110,2222
120190,2222
120230,2221
120241,2221
120242,2221
120300,2231
120400,2234
120510,2226
120590,2226
120600,2224
120710,2238
120721,2223
120729,2223
120730,2238
120740,2225
120750,2238
120760,2238
120770,2238
120791,2238
120799,2238
120810,2239
120890,2239
120910,2925
120921,2925
120922,2925
120923,2925
120924,2925
120925,2925
120929,2925
120930,2925
120991,2925
120999,2925
121010,05484
121020,05484
121120,098
121130,2924
121140,2924
121150,2924
121190,098
121221,292
121229,292
121291,05482
121292,292
121293,292
121294,292
121299,292
121300,081
121410,08112
121490,08112
130120,2922
130190,2922
130211,29291
130212,29291
130213,29291
130214,29291
130219,29291
130220,29291
130231,58529
130232,58529
130239,58529
140110,2923
140120,2923
140190,2923
140420,2632
140490,29298
150110,091
150120,091
150190,091
150210,41132
150290,41132
150300,41133
150410,4312
150420,431
150430,4312
150500,41134
150600,4312
150710,4232
150790,423
150810,4234
150890,4312
150910,4235
150990,423
151000,423
151110,4242
151190,4242
151211,4236
151219,423
151221,4233
151229,4312
151311,4243
151319,431
151321,424
151329,424
151411,42391
151419,423
151491,42391
151499,423
151511,4241
151519,4312
151521,4249
151529,431
151530,4312
151550,4312
151590,431
151610,431
151620,424
151710,09141
151790,098
151800,424
152000,51218
152110,43143
152190,43144
152200,43133
160100,0142
160210,0149
160220,0149
160231,0149
160232,0149
160239,0149
160241,0149
160242,0149
160249,0149
160250,0149
160290,098
160300,09809
160411,0371
160412,0371
160413,0371
160414,0371
160415,0371
160416,0371
160417,0371
160418,0371
160419,0371
160420,0371
160431,0371
160432,0371
160510,0372
160521,0372
160529,0372
160530,0372
160540,0372
160551,014
160552,014
160553,014
160554,014
160555,014
160556,014
160557,014
160558,014
160559,014
160561,014
160562,014
160563,014
160569,014
170112,0611
170113,0611
170114,0611
170191,061
170199,0612
170211,0619
170219,0619
170220,0619
170230,0619
170240,0619
170250,51692
170260,0619
170290,0619
170310,0615
170390,0615
170410,0620
170490,0620
180100,0721
180200,08192
180310,07231
180320,07231
180400,07232
180500,0722
180610,0730
180620,0730
180631,0730
180632,0730
180690,0730
190110,098
190120,098
190190,098
190211,0483
190219,0483
190220,098
190230,098
190240,098
190300,05645
190410,0730
190420,0730
190430,098
190490,098
190510,0484
190520,073
190531,073
190532,073
190540,0484
190590,0484
200110,098
200190,098
200210,056
200290,056
200310,056
200390,056
200410,098
200490,098
200510,098
200520,098
200540,098
200551,098
200559,098
200560,098
200570,098
200580,09809
200591,098
200599,098
200600,0582
200710,0583
200791,0583
200799,0583
200811,098
200819,098
200820,058
200830,058
200840,09809
200850,058
200860,058
200870,058
200880,09809
200891,09809
200893,09809
200897,09809
200899,09809
200911,05851
200912,05851
200919,05851
200921,05852
200929,05852
200931,05853
200939,05853
200941,05854
200949,05854
200950,05855
200961,05857
200969,05857
200971,05857
200979,05857
200981,05857
200989,05857
200990,05858
210111,09809
210112,09809
210120,09809
210130,0712
210210,098
210220,098
210230,098
210310,09804
210320,09809
210330,09803
210390,048
210410,0488
210420,014
210500,098
210610,09809
210690,09809
220110,11101
220190,11101
220210,11102
220291,11102
220299,11102
220300,1123
220410,11212
220421,112
220422,112
220429,112
220430,11211
220510,11213
220590,11213
220600,1122
220710,51216
220720,51216
220820,11242
220830,11241
220840,11249
220850,11249
220860,11249
220870,11249
220890,11249
220900,09807
230110,08141
230120,08142
230210,08121
230230,08122
230240,08122
230250,08123
230310,08193
230320,08193
230330,08193
230400,08131
230500,08132
230610,08133
230620,08134
230630,08135
230641,08136
230649,08136
230650,08137
230660,08138
230690,08139
230700,08194
230800,08119
230910,08199
230990,08199
240110,1211
240120,1212
240130,1213
240210,1221
240220,1222
240290,1222
240311,1223
240319,1223
240391,1223
240399,1223
250100,2783
250200,2742
250300,2741
250410,27822
250490,27822
250510,2733
250590,2733
250610,27851
250620,27851
250700,27821
250810,27821
250830,27821
250840,27821
250850,27821
250860,27821
250870,27821
250900,27891
251010,27131
251020,27132
251110,27892
251120,27892
251200,27895
251310,27722
251320,27722
251400,27311
251511,27312
251512,27312
251520,27312
251611,27313
251612,27313
251620,27313
251690,27313
251710,2734
251720,2734
251730,2734
251741,2734
251749,2734
251810,27823
251820,27823
251830,27823
251910,27824
251990,27824
252010,27323
252020,59899
252100,27322
252210,6611
252220,6611
252230,6611
252310,6612
252321,6612
252329,6612
252330,6612
252390,6612
252410,2784
252490,2784
252510,27852
252520,27852
252530,27852
252610,27893
252620,27893
252800,27894
252910,27854
252921,27854
252922,27854
252930,27854
253010,27899
253020,27899
253090,27899
260111,2815
260112,2816
260120,2814
260200,2877
260300,28711
260400,28721
260500,28799
260600,28731
260700,2874
260800,2875
260900,2876
261000,28791
261100,28792
261210,2860
261220,2860
261310,28793
261390,28793
261400,28793
261510,28793
261590,28793
261610,28901
261690,28901
261710,28799
261790,28799
261800,27861
261900,27862
262011,2881
262019,2881
262021,2881
262029,2881
262030,2881
262040,2881
262060,2881
262091,2881
262099,2881
262110,562
262190,562
270111,3221
270112,3222
270119,3222
270120,32311
270210,3223
270220,32312
270300,3224
270400,3232
270500,3415
270600,33521
270710,33522
270720,33523
270730,33524
270740,33525
270750,33525
270791,33525
270799,33525
270810,33531
270820,33532
270900,3330
271012,334
271019,334
271020,334
271091,334
271099,334
271111,34139
271112,34131
271113,34131
271114,34139
271119,34139
271121,3414
271129,3414
271210,33511
271220,33512
271290,33512
271311,33542
271312,33542
271320,33541
271390,33541
271410,27896
271490,27896
271500,33543
271600,3510
280110,52213
280120,52214
280130,52214
280200,52215
280300,52218
280410,52211
280421,52211
280429,52211
280430,52211
280440,52211
280450,52212
280461,52212
280469,52212
280470,52212
280480,52212
280490,52212
280511,52217
280512,52217
280519,52217
280530,52217
280540,52216
280610,52221
280620,52221
280700,52222
280800,52223
280910,5222
280920,5222
281000,52229
281111,52229
281112,52229
281119,52229
281121,52229
281122,52229
281129,52229
281211,52231
281212,52231
281213,52231
281214,52231
281215,52231
281216,52231
281217,52231
281219,52231
281290,52231
281310,52232
281390,52232
281410,52251
281420,52251
281511,52252
281512,52253
281520,52254
281530,52254
281610,52255
281640,52255
281700,52241
281810,52257
281820,28732
281830,52256
281910,52242
281990,52242
282010,52243
282090,52243
282110,52244
282120,52244
282200,52245
282300,52246
282410,52247
282490,52247
282510,52259
282520,52259
282530,52259
282540,52259
282550,52259
282560,52259
282570,52259
282580,52259
282590,52259
282612,52311
282619,52311
282630,52311
282690,52311
282710,52312
282720,52312
282731,52312
282732,52312
282735,52312
282739,52312
282741,52312
282749,52312
282751,52312
282759,52312
282760,52312
282810,52313
282890,52313
282911,52314
282919,52314
282990,52314
283010,52315
283090,52315
283110,52316
283190,52316
283210,52317
283220,52317
283230,52317
283311,52318
283319,52318
283321,52319
283322,52319
283324,52319
283325,52319
283327,52319
283329,52319
283330,52319
283340,52319
283410,52321
283421,52321
283429,562
283510,52322
283522,52322
283524,52322
283525,52322
283526,52322
283529,52322
283531,52322
283539,52322
283620,52323
283630,52324
283640,52324
283650,52324
283660,52324
283691,52324
283692,52324
283699,52324
283711,52325
283719,52325
283720,52325
283911,59899
283919,59899
283990,59899
284011,52328
284019,52328
284020,52328
284030,52328
284130,52331
284150,52331
284161,52331
284169,52331
284170,52331
284180,52331
284190,52331
284210,52329
284290,52329
284310,52332
284321,52332
284329,52332
284330,52332
284390,52332
284410,671
284420,5241
284430,5241
284440,524
284450,5241
284510,52491
284590,52491
284610,52492
284690,52492
284700,52391
284910,52393
284920,52394
284990,52394
285000,52395
285210,598
285290,598
285310,52399
285390,52399
290110,51119
290121,51111
290122,51112
290123,51113
290124,51113
290129,5111
290211,51121
290219,51129
290220,51122
290230,51123
290241,51124
290242,51124
290243,51124
290244,51124
290250,51125
290260,51126
290270,51129
290290,51129
290311,51139
290312,51139
290313,51139
290314,51139
290315,51139
290319,51139
290321,51131
290322,51132
290323,51133
290329,51139
290331,51139
290339,51139
290371,51139
290372,51139
290373,51139
290374,51139
290375,51139
290376,51139
290377,51139
290378,51139
290379,51139
290381,51139
290382,51139
290383,51139
290389,51139
290391,51139
290392,51139
290393,51139
290394,51139
290399,51139
290410,5114
290420,5114
290431,5114
290432,5114
290433,5114
290434,5114
290435,5114
290436,5114
290491,5114
290499,5114
290511,51211
290512,51212
290513,51213
290514,51213
290516,51214
290517,51219
290519,51219
290522,51219
290529,51219
290531,51215
290532,511
290539,511
290541,511
290542,51219
290543,51219
290544,51119
290545,51218
290549,511
290551,511
290559,511
290611,5122
290612,5122
290613,5122
290619,5122
290621,5122
290629,5122
290711,51234
290712,51235
290713,51236
290715,51236
290719,51236
290721,51236
290722,51236
290723,51236
290729,51236
290811,51237
290819,51237
290891,51237
290892,51237
290899,51237
290911,51611
290919,51611
290920,51611
290930,51611
290941,51611
290943,51611
290944,51611
290949,51611
290950,51611
290960,51611
291010,51613
291020,51614
291030,51619
291040,51619
291050,51619
291090,51619
291100,51612
291211,51621
291212,51621
291219,51621
291221,51621
291229,51621
291241,51621
291242,51621
291249,51621
291250,51621
291260,51621
291300,51622
291411,51623
291412,51624
291413,51629
291419,51629
291422,51629
291423,51629
291429,51629
291431,51629
291439,51629
291440,51629
291450,51629
291461,51629
291462,51629
291469,51629
291471,51629
291479,51629
291511,51379
291512,51379
291513,51379
291521,51371
291524,51379
291529,51371
291531,51372
291532,51372
291533,51372
291536,51372
291539,51372
291540,51379
291550,51379
291560,51379
291570,51379
291590,51379
291611,51379
291612,51379
291613,51373
291614,51373
291615,51379
291616,51379
291619,51379
291620,51379
291631,51379
291632,51379
291634,51379
291639,51379
291711,51389
291712,51389
291713,51389
291714,51381
291719,51389
291720,51389
291732,51383
291733,51389
291734,51389
291735,51382
291736,51389
291737,51384
291739,51389
291811,5139
291812,5139
291813,5139
291814,5139
291815,5139
291816,5139
291817,5139
291818,5139
291819,5139
291821,5139
291822,5139
291823,5139
291829,5139
291830,5139
291891,5139
291899,5139
291910,51631
291990,51631
292011,51639
292019,51639
292021,51639
292022,51639
292023,51639
292024,51639
292029,51639
292030,51639
292090,51639
292111,5145
292112,5145
292113,5145
292114,5145
292119,5145
292121,5145
292122,5145
292129,5145
292130,5145
292141,5145
292142,5145
292143,5145
292144,5145
292145,5145
292146,5145
292149,5145
292151,5145
292159,5145
292211,5146
292212,5146
292214,5146
292215,5146
292216,5146
292217,5146
292218,5146
292219,5146
292221,5146
292229,5146
292231,5146
292239,5146
292241,5146
292242,5146
292243,5146
292244,5146
292249,5146
292250,5146
292310,51481
292320,51481
292330,51481
292340,51481
292390,51481
292411,5147
292412,5147
292419,5147
292421,5147
292423,5147
292424,5147
292425,5147
292429,5147
292511,51482
292512,51482
292519,51482
292521,51482
292529,51482
292610,51483
292620,51484
292630,51484
292640,51484
292690,51484
292700,51485
292800,51486
292910,51489
292990,51489
293020,5154
293030,5154
293040,5154
293060,5154
293070,5154
293080,5154
293090,5154
293110,5155
293120,5155
293131,5155
293132,5155
293133,5155
293134,5155
293135,5155
293136,5155
293137,5155
293138,5155
293139,5155
293190,5155
293211,515
293212,515
293213,515
293214,515
293219,515
293220,51569
293291,515
293292,515
293293,515
293294,515
293295,515
293299,515
293311,51569
293319,51569
293321,5147
293329,51569
293331,51569
293332,51569
293333,51569
293339,51569
293341,51569
293349,51569
293352,515
293353,515
293354,515
293355,515
293359,515
293361,515
293369,515
293371,51561
293372,51561
293379,51561
293391,51569
293392,51569
293399,51569
293410,51569
293420,51569
293430,51569
293491,51569
293499,51569
293510,51571
293520,51571
293530,51571
293540,51571
293550,51571
293590,51571
293621,5411
293622,5411
293623,5411
293624,5411
293625,5411
293626,5411
293627,5411
293628,5411
293629,5411
293690,5411
293711,515
293712,515
293719,515
293721,54153
293722,54153
293723,54153
293729,54153
293750,51569
293790,54159
293810,54161
293890,54161
293911,5414
293919,5414
293920,5414
293930,5414
293941,5414
293942,5414
293943,5414
293944,5414
293949,5414
293951,5414
293959,5414
293961,5414
293962,5414
293963,5414
293969,5414
293971,5414
293979,5414
293980,515
294000,51692
294110,54131
294120,54132
294130,54133
294140,54139
294150,54139
294190,54139
294200,51699
300120,541
300190,541
300211,541
300212,541
300213,541
300214,541
300215,541
300219,541
300220,541
300230,541
300290,541
300310,54171
300320,54171
300331,54172
300339,54172
300341,54173
300342,54173
300343,54173
300349,54173
300360,54179
300390,54179
300410,54171
300420,54171
300431,54172
300432,54172
300439,54172
300441,54173
300442,54173
300443,54173
300449,54173
300450,54179
300460,54179
300490,54179
300510,54191
300590,54191
300610,541
300620,54199
300630,54199
300640,541
300650,541
300660,541
300670,541
300691,541
300692,541
310100,5629
310210,56216
310221,56213
310229,56219
310230,56211
310240,56219
310250,52321
310260,56219
310280,56219
310290,56219
310311,56222
310319,56222
310390,56229
310420,56231
310430,523
310490,523
310510,562
310520,56291
310530,56292
310540,56292
310551,56292
310559,56292
310560,56299
310590,562
320110,53221
320120,53221
320190,53221
320210,5323
320290,5323
320300,532
320411,5311
320412,5311
320413,5311
320414,5311
320415,5311
320416,5311
320417,5311
320419,5311
320420,53121
320490,53121
320500,53122
320611,5331
320619,5331
320620,5331
320641,5331
320642,5331
320649,5331
320650,5331
320710,53351
320720,53351
320730,53351
320740,53351
320810,53342
320820,53342
320890,53342
320910,5334
320990,5334
321000,5334
321100,53353
321210,5334
321290,5334
321310,53352
321390,53352
321410,53354
321490,53354
321511,5332
321519,5332
321590,89591
330112,5513
330113,5513
330119,5513
330124,5513
330125,5513
330129,5513
330130,5513
330190,5530
330210,5514
330290,5514
330300,5530
330410,5530
330420,5530
330430,5530
330491,5530
330499,5530
330510,5530
330520,5530
330530,5530
330590,5530
330610,5530
330620,5530
330690,5530
330710,5530
330720,5530
330730,5530
330741,5530
330749,5530
330790,553
340111,553
340119,554
340120,5541
340130,5542
340211,5542
340212,5542
340213,5542
340219,5542
340220,5542
340290,5542
340311,59899
340319,59899
340391,33452
340399,33452
340420,59831
340490,59831
340510,5543
340520,5543
340530,5543
340540,5543
340590,5543
340600,89931
340700,59899
350110,59221
350190,59221
350211,59222
350219,59222
350220,59222
350290,59222
350300,59223
350400,59224
350510,585
350520,59225
350610,59229
350691,59229
350699,59229
350710,51691
350790,51691
360100,57211
360200,57212
360300,5722
360410,5723
360490,5723
360500,89932
360610,89939
360690,89939
370110,88221
370120,88221
370130,88221
370191,88221
370199,88221
370210,8822
370231,8822
370232,8822
370239,8822
370241,8822
370242,8822
370243,8822
370244,8822
370252,8822
370253,8822
370254,8822
370255,8822
370256,8822
370296,8822
370297,8822
370298,8822
370310,88223
370320,88223
370390,88223
370400,88223
370500,88225
370610,8830
370690,8830
370710,8821
370790,8821
380110,59899
380120,59899
380130,59899
380190,59899
380210,59892
380290,59892
380300,59811
380400,59899
380510,59899
380590,59899
380610,585
380620,585
380630,585
380690,585
380700,59897
380852,591
380859,591
380861,5911
380862,5911
380869,5911
380891,5911
380892,5912
380893,5913
380894,59141
380899,591
380910,59899
380991,59899
380992,59899
380993,59899
381010,59896
381090,59896
381111,59899
381119,59899
381121,59899
381129,59899
381190,59899
381210,59833
381220,59899
381231,59899
381239,59899
381300,59894
381400,59897
381511,59898
381512,59898
381519,59898
381590,59898
381600,66233
381700,59899
381800,59899
381900,59899
382000,59899
382100,59899
382200,59899
382311,43131
382312,43131
382313,43131
382319,43131
382370,431
382410,59899
382430,59899
382440,59899
382450,59899
382460,59899
382471,59899
382472,59899
382473,59899
382474,59899
382475,59899
382476,59899
382477,59899
382478,59899
382479,59899
382481,59899
382482,59899
382483,59899
382484,59899
382485,59899
382486,59899
382487,59899
382488,59899
382491,59899
382499,59899
382510,59899
382520,59899
382530,87202
382541,59899
382549,59899
382550,59899
382561,59899
382569,59899
382590,59899
382600,59899
390110,58311
390120,58311
390130,5839
390140,5839
390190,5839
390210,58321
390220,5839
390230,5839
390290,5839
390311,58331
390319,58331
390320,58331
390330,58331
390390,58331
390410,58341
390421,58341
390422,58341
390430,58351
390440,5839
390450,5839
390461,5839
390469,5839
390490,5839
390512,5839
390519,5839
390521,5839
390529,5839
390530,5839
390591,5839
390599,5839
390610,58361
390690,58361
390710,5829
390720,5829
390730,58261
390740,58231
390750,58231
390761,58231
390769,58231
390770,58231
390791,58231
390799,58231
390810,58241
390890,58241
390910,58221
390920,58221
390931,58221
390939,58221
390940,58211
390950,58251
391000,5827
391110,5839
391190,5839
391211,58431
391212,58432
391220,5842
391231,58492
391239,58492
391290,58529
391310,58522
391390,585
391400,5838
391510,5839
391520,58339
391530,5839
391590,583
391610,5839
391620,5839
391690,583
391710,89399
391721,893
391722,893
391723,893
391729,893
391731,893
391732,893
391733,89399
391739,893
391740,89399
391810,893
391890,893
391910,893
391990,893
392010,5839
392020,5839
392030,58333
392043,5839
392049,5839
392051,58362
392059,58362
392061,58232
392062,58232
392063,58232
392069,58232
392071,58432
392073,58432
392079,58432
392091,583
392092,583
392093,583
392094,583
392099,583
392111,583
392112,583
392113,583
392114,583
392119,583
392190,583
392210,72848
392220,72848
392290,72848
392310,8931
392321,893
392329,893
392330,8931
392340,8931
392350,8931
392390,8931
392410,89399
392490,89399
392510,89399
392520,89399
392530,89399
392590,89399
392610,89394
392620,84821
392630,89399
392640,89399
392690,89399
400110,23201
400121,23202
400122,23202
400129,232
400130,62104
400211,621
400219,621
400220,621
400231,621
400239,621
400241,6210
400249,6210
400251,621
400259,621
400260,621
400270,621
400280,62101
400291,621
400299,621
400300,23321
400400,23322
400510,6210
400520,62102
400591,232
400599,232
400610,62104
400690,628
400700,62103
400811,62104
400819,62104
400821,62104
400829,62104
400911,62105
400912,62105
400921,62105
400922,62105
400931,62105
400932,62105
400941,62105
400942,62105
401011,6282
401012,6282
401019,6282
401031,6282
401032,6282
401033,6282
401034,6282
401035,6282
401036,6282
401039,6282
401110,6251
401120,6252
401130,6253
401140,6254
401150,6254
401170,62599
401180,62599
401190,62599
401211,62599
401212,62599
401213,62599
401219,62599
401220,62599
401290,62599
401310,62591
401320,62591
401390,62591
401410,6281
401490,6281
401511,84822
401519,84822
401590,84822
401610,62898
401691,784
401692,784
401693,784
401694,784
401695,784
401699,784
401700,62899
410120,611
410150,611
410190,611
410210,2116
410221,2117
410229,2117
410320,2120
410330,2120
410390,2120
410411,6114
410419,6114
410441,6114
410449,6114
410510,6115
410530,6115
410621,61161
410622,61161
410631,61169
410632,61169
410640,61169
410691,61169
410692,61169
410711,6114
410712,6114
410719,6114
410791,6114
410792,6114
410799,6114
411200,6115
411310,61161
411320,61169
411330,61169
411390,61169
411410,61181
411420,61183
411510,6112
411520,21191
420100,6122
420211,83102
420212,83102
420219,893
420221,83101
420222,83101
420229,83101
420231,893
420232,893
420239,893
420291,893
420292,893
420299,893
420310,8481
420321,8481
420329,8481
420330,8481
420340,8481
420500,6129
420600,89991
430110,21201
430130,21209
430160,21209
430180,21209
430190,21201
430211,6130
430219,6130
430220,6130
430230,848
430310,84831
430390,84831
430400,84832
440111,24501
440112,24501
440121,24602
440122,24602
440131,24603
440139,24603
440140,24603
440210,24502
440290,24502
440311,247
440312,247
440321,24711
440322,24711
440323,24711
440324,24711
440325,24711
440326,24711
440341,24721
440349,24721
440391,24721
440393,24721
440394,24721
440395,24721
440396,24721
440397,24721
440398,24721
440399,24721
440410,63491
440420,63491
440500,63493
440611,2481
440612,2481
440691,2481
440692,2481
440711,2482
440712,2482
440719,2482
440721,248
440722,248
440725,248
440726,248
440727,248
440728,248
440729,248
440791,248
440792,248
440793,248
440794,248
440795,248
440796,248
440797,248
440799,248
440810,248
440831,248
440839,248
440890,248
440910,635
440921,635
440922,635
440929,635
441011,63432
441012,63432
441019,63432
441090,63432
441112,64161
441113,64161
441114,64161
441192,64161
441193,64161
441194,64161
441210,6342
441231,6342
441233,6342
441234,6342
441239,6342
441294,6342
441299,6342
441300,63431
441400,63541
441510,63599
441520,63599
441600,6352
441700,63591
441810,6353
441820,6353
441840,6353
441850,63599
441860,6353
441873,6353
441874,6353
441875,6353
441879,6353
441891,6353
441899,6353
441911,635
441912,635
441919,635
441990,635
442010,63549
442090,63549
442110,63599
442191,63599
442199,63599
450110,24401
450190,24401
450200,24402
450310,63301
450390,63301
450410,63302
450490,63302
460121,899
460122,899
460129,899
460192,899
460193,899
460194,899
460199,899
460211,899
460212,899
460219,899
460290,899
470100,2512
470200,2516
470311,25171
470319,25171
470321,25172
470329,25172
470411,25181
470419,25181
470421,25182
470429,25182
470500,25191
470610,25192
470620,25192
470630,25192
470691,25192
470692,25192
470693,25192
470710,2511
470720,2511
470730,2511
470790,2511
480100,641
480210,64159
480220,64159
480240,64159
480254,641
480255,641
480256,641
480257,641
480258,641
480261,641
480262,641
480269,641
480300,641
480411,64131
480419,64131
480421,64132
480429,64132
480431,64139
480439,64139
480441,64139
480442,64139
480449,64139
480451,64139
480452,64139
480459,64139
480511,64159
480512,64159
480519,64159
480524,64159
480525,64159
480530,6415
480540,64159
480550,64159
480591,64159
480592,64159
480593,64159
480610,64153
480620,64153
480630,64153
480640,64153
480700,64192
480810,64174
480840,64171
480890,64174
480920,64189
480990,64189
481013,641
481014,641
481019,641
481022,641
481029,641
481031,6418
481032,6418
481039,6418
481092,6418
481099,6418
481110,64182
481141,64189
481149,64189
481151,6418
481159,6418
481160,64189
481190,64189
481200,64196
481310,64241
481320,64241
481390,641
481420,893
481490,893
481620,64189
481690,64189
481710,6422
481720,6422
481730,6422
481810,641
481820,641
481830,641
481850,641
481890,641
481910,6421
481920,6421
481930,6421
481940,6421
481950,6421
481960,6421
482010,6423
482020,6423
482030,6423
482040,6423
482050,6423
482090,6423
482110,89281
482190,89281
482210,64281
482290,64281
482320,64159
482340,641
482361,64283
482369,64283
482370,641
482390,641
490110,89211
490191,89211
490199,892
490210,89286
490290,892
490300,89212
490400,89285
490510,89213
490591,89213
490599,89213
490600,89282
490700,89283
490810,89241
490890,89241
490900,89289
491000,893
491110,89286
491191,89289
491199,89289
500100,26141
500200,2613
500300,26142
500400,65111
500500,65116
500600,65117
500710,654
500720,654
500790,654
510111,2681
510119,2681
510121,2682
510129,2682
510130,2682
510211,2683
510219,2683
510220,26859
510310,26861
510320,26861
510330,26861
510400,26862
510510,2687
510521,2687
510529,65121
510531,2687
510539,2687
510540,2687
510610,65122
510620,65127
510710,65123
510720,65128
510810,65124
510820,65124
510910,6512
510990,6512
511000,65129
511111,657
511119,657
511120,654
511130,654
511190,6574
511211,654
511219,654
511220,654
511230,654
511290,6574
511300,6574
520100,2631
520210,2633
520291,2633
520299,2633
520300,2634
520411,6513
520419,6513
520420,65135
520511,6513
520512,6513
520513,6513
520514,6513
520515,6513
520521,6513
520522,6513
520523,6513
520524,6513
520526,6513
520527,6513
520528,6513
520531,6513
520532,6513
520533,6513
520534,6513
520535,6513
520541,6513
520542,6513
520543,6513
520544,6513
520546,6513
520547,6513
520548,6513
520611,6513
520612,6513
520613,6513
520614,6513
520615,6513
520621,6513
520622,6513
520623,6513
520624,6513
520625,6513
520631,6513
520632,6513
520633,6513
520634,6513
520635,6513
520641,6513
520642,6513
520643,6513
520644,6513
520645,6513
520710,6513
520790,6513
520811,65214
520812,65214
520813,65214
520819,65214
520821,65224
520822,65224
520823,65224
520829,65224
520831,65224
520832,65224
520833,65224
520839,65224
520841,65224
520842,65224
520843,65224
520849,65224
520851,65224
520852,65224
520859,65224
520911,65214
520912,65214
520919,65214
520921,65224
520922,65224
520929,65224
520931,65224
520932,65224
520939,65224
520941,65224
520942,65224
520943,65224
520949,65224
520951,65224
520952,65224
520959,65224
521011,657
521019,657
521021,65225
521029,65225
521031,65225
521032,65225
521039,65225
521041,65225
521049,65225
521051,65225
521059,65225
521111,657
521112,657
521119,657
521120,65225
521131,65225
521132,65225
521139,65225
521141,65225
521142,65225
521143,65225
521149,65225
521151,65225
521152,65225
521159,65225
521211,657
521212,65225
521213,65225
521214,65225
521215,65225
521221,657
521222,65225
521223,65225
521224,65225
521225,65225
530110,26511
530121,26512
530129,26512
530130,26513
530210,2652
530290,2652
530310,2640
530390,2640
530500,265
530610,65196
530620,65196
530710,65198
530720,65198
530810,65196
530820,65196
530890,65196
530911,654
530919,654
530921,654
530929,654
531010,6574
531090,6574
531100,654
540110,6514
540120,6517
540211,6514
540219,6514
540220,6514
540231,65141
540232,65141
540233,65144
540234,65147
540239,65147
540244,6514
540245,6514
540246,6514
540247,6514
540248,6514
540249,6514
540251,6514
540252,6514
540253,6514
540259,6514
540261,6514
540262,6514
540263,6514
540269,6514
540310,65171
540331,65171
540332,6517
540333,6517
540339,6517
540341,6517
540342,6517
540349,6517
540411,65149
540412,65149
540419,65149
540490,65149
540500,65178
540600,6514
540710,6531
540720,6531
540730,6531
540741,65315
540742,65315
540743,65315
540744,65315
540751,65315
540752,65315
540753,65315
540754,65315
540761,65315
540769,65315
540771,65315
540772,65315
540773,65315
540774,65315
540781,6531
540782,6531
540783,6531
540784,6531
540791,6531
540792,6531
540793,6531
540794,6531
540810,657
540821,657
540822,657
540823,657
540824,657
540831,657
540832,657
540833,657
540834,657
550110,26661
550120,26662
550130,26663
550140,26669
550190,26669
550210,26712
550290,26712
550311,26651
550319,26651
550320,26652
550330,26653
550340,26659
550390,26659
550410,26711
550490,26711
550510,26721
550520,26722
550610,26671
550620,26672
550630,26673
550640,26679
550690,26679
550700,26713
550810,651
550820,6517
550911,65148
550912,65148
550921,65148
550922,65148
550931,65148
550932,65148
550941,65148
550942,65148
550951,6516
550952,6516
550953,6516
550959,6516
550961,6516
550962,6516
550969,6516
550991,6516
550992,6516
550999,6516
551011,65174
551012,65174
551020,6517
551030,6517
551090,6517
551110,65148
551120,6516
551130,6517
551211,6532
551219,6532
551221,6532
551229,6532
551291,6532
551299,6532
551311,65341
551312,65341
551313,65341
551319,65341
551321,65341
551323,65341
551329,65341
551331,65341
551339,65341
551341,65341
551349,65341
551411,65341
551412,65341
551419,65341
551421,65341
551422,65341
551423,65341
551429,65341
551430,65341
551441,65341
551442,65341
551443,65341
551449,65341
551511,6534
551512,657
551513,657
551519,6534
551521,657
551522,657
551529,6534
551591,657
551599,6534
551611,653
551612,653
551613,653
551614,653
551621,657
551622,657
551623,657
551624,657
551631,6574
551632,6574
551633,6574
551634,6574
551641,6574
551642,6574
551643,6574
551644,6574
551691,6574
551692,6574
551693,6574
551694,6574
560121,65771
560122,65771
560129,65771
560130,65771
560210,6571
560221,6571
560229,6571
560290,6571
560311,6572
560312,6572
560313,6572
560314,6572
560391,6572
560392,6572
560393,6572
560394,6572
560410,62103
560490,651
560500,651
560600,655
560721,65751
560729,65751
560741,65751
560749,65751
560750,65751
560790,65751
560811,6589
560819,6589
560890,6589
560900,65759
570110,65921
570190,65929
570210,6593
570220,65962
570231,65942
570232,65952
570239,65962
570241,65942
570242,65952
570249,65962
570250,659
570291,65942
570292,65952
570299,65962
570310,659
570320,65951
570330,65951
570390,659
570410,65963
570420,65963
570490,65963
570500,659
580110,657
580121,652
580122,65732
580123,65732
580126,65732
580127,652
580131,653
580132,65732
580133,65732
580136,65732
580137,653
580190,6573
580211,65732
580219,65732
580220,65732
580230,657
580300,653
580410,6573
580421,65732
580429,65732
580430,65732
580500,65891
580610,656
580620,656
580631,656
580632,656
580639,656
580640,656
580710,65602
580790,657
580810,656
580890,656
580900,65491
581010,65606
581091,65606
581092,65606
581099,65606
581100,653
590110,65731
590190,65731
590210,653
590220,653
590290,653
590310,65732
590320,65732
590390,65732
590410,65912
590490,65912
590500,653
590610,65733
590691,65733
590699,65733
590700,65739
590800,65772
590900,65791
591000,65792
591110,65773
591120,65773
591131,65773
591132,65773
591140,65773
591190,65773
600110,655
600121,655
600122,655
600129,655
600191,655
600192,655
600199,655
600240,655
600290,655
600310,655
600320,655
600330,655
600340,655
600390,655
600410,655
600490,655
600521,655
600522,655
600523,655
600524,655
600535,655
600536,655
600537,655
600538,655
600539,655
600541,655
600542,655
600543,655
600544,655
600590,655
600610,655
600621,655
600622,655
600623,655
600624,655
600631,655
600632,655
600633,655
600634,655
600641,655
600642,655
600643,655
600644,655
600690,655
610120,8459
610130,8459
610190,8459
610210,8459
610220,8459
610230,8459
610290,8459
610310,8459
610322,8459
610323,8459
610329,8459
610331,8459
610332,8459
610333,8459
610339,8459
610341,8459
610342,8459
610343,8459
610349,8459
610413,8452
610419,8452
610422,8459
610423,8459
610429,8459
610431,8459
610432,8459
610433,8459
610439,8459
610441,8452
610442,8452
610443,8452
610444,8452
610449,8452
610451,8459
610452,8459
610453,8459
610459,8459
610461,8459
610462,8459
610463,8459
610469,8459
610510,84621
610520,846
610590,846
610610,8459
610620,8459
610690,8459
610711,846
610712,846
610719,846
610721,846
610722,846
610729,846
610791,846
610799,846
610811,84629
610819,84629
610821,84629
610822,84629
610829,84629
610831,84629
610832,84629
610839,84629
610891,8459
610892,8459
610899,8459
610910,846
610990,846
611011,8451
611012,8451
611019,8451
611020,8451
611030,8451
611090,8451
611120,846
611130,846
611190,846
611211,8459
611212,8459
611219,8459
611220,8459
611231,8459
611239,8459
611241,8459
611249,8459
611300,845
611420,8459
611430,8459
611490,8459
611510,847
611521,847
611522,847
611529,847
611530,8472
611594,8472
611595,8472
611596,8472
611599,8472
611610,8472
611691,84721
611692,84721
611693,84721
611699,84721
611710,8459
611780,8459
611790,8459
620111,84211
620112,84219
620113,84219
620119,84219
620191,8429
620192,8429
620193,8429
620199,8429
620211,8431
620212,8431
620213,8431
620219,8431
620291,8439
620292,8439
620293,8439
620299,8439
620311,84221
620312,8422
620319,8422
620322,8429
620323,8429
620329,8429
620331,8424
620332,8424
620333,8424
620339,8424
620341,842
620342,842
620343,842
620349,842
620411,8432
620412,8432
620413,8432
620419,8432
620421,8439
620422,8439
620423,8439
620429,8439
620431,8431
620432,8431
620433,8431
620439,8431
620441,8433
620442,8433
620443,8433
620444,8433
620449,8433
620451,8434
620452,8434
620453,8434
620459,8434
620461,8439
620462,8439
620463,8439
620469,8439
620520,84411
620530,8441
620590,8441
620610,8439
620620,8439
620630,8439
620640,8439
620690,8439
620711,84421
620719,84421
620721,84421
620722,84421
620729,84421
620791,8429
620799,8429
620811,8443
620819,8443
620821,8443
620822,8443
620829,8443
620891,8439
620892,8439
620899,8439
620920,843
620930,843
620990,843
621010,843
621020,844
621030,843
621040,844
621050,843
621111,8429
621112,8439
621120,843
621132,8429
621133,8429
621139,8429
621142,8439
621143,8439
621149,8439
621210,84651
621220,84652
621230,84652
621290,84652
621320,84711
621390,84711
621410,84712
621420,84712
621430,84712
621440,84712
621490,84712
621510,84713
621520,84713
621590,84713
621600,84714
621710,843
621790,843
630110,77585
630120,65898
630130,65898
630140,657
630190,658
630210,65898
630221,65841
630222,6572
630229,6572
630231,65841
630232,6572
630239,6572
630240,65898
630251,65843
630253,6572
630259,6572
630260,658
630291,658
630293,6572
630299,6572
630312,658
630319,658
630391,658
630392,658
630399,658
630411,657
630419,657
630420,658
630491,658
630492,658
630493,658
630499,658
630510,658
630520,658
630532,657
630533,657
630539,657
630590,658
630612,65829
630619,65829
630622,65829
630629,65829
630630,65829
630640,6572
630690,6572
630710,657
630720,657
630790,657
630800,653
630900,26901
631010,26902
631090,26902
640110,85101
640192,85101
640199,85101
640212,85101
640219,85101
640220,85101
640291,85101
640299,85101
640312,85102
640319,85102
640320,85102
640340,85102
640351,85102
640359,85102
640391,85102
640399,85102
640411,85102
640419,85102
640420,85102
640510,8510
640520,8510
640590,85102
640610,699
640620,699
640690,699
650100,65761
650200,65762
650400,84842
650500,848
650610,84849
650691,84849
650699,84849
650700,84848
660110,89941
660191,89941
660199,89941
660200,89942
660320,89949
660390,89949
670100,89992
670210,89993
670290,89993
670300,89994
670411,89995
670419,89995
670420,89995
670490,89995
680100,66131
680210,66132
680221,66132
680223,66132
680229,66132
680291,66132
680292,66132
680293,66132
680299,66132
680300,66133
680410,6631
680421,6631
680422,6631
680423,6631
680430,6631
680510,6632
680520,6632
680530,6632
680610,6635
680620,6635
680690,6635
680710,66181
680790,66181
680800,66182
680911,66331
680919,66331
680990,66331
681011,66332
681019,66332
681091,66332
681099,66332
681140,66183
681181,66183
681182,66183
681189,66183
681280,66381
681291,66381
681292,66381
681293,66381
681299,66381
681320,66382
681381,66382
681389,66382
681410,66333
681490,66333
681510,66339
681520,66339
681591,66339
681599,66339
690100,66231
690210,66232
690220,66232
690290,66232
690310,6637
690320,6637
690390,6637
690410,66241
690490,66241
690510,66242
690590,66242
690600,66243
690721,6624
690722,6624
690723,6624
690730,6624
690740,6624
690911,66391
690912,66391
690919,66391
690990,66391
691010,8122
691090,8122
691110,6664
691190,6664
691200,6665
691310,6666
691390,6666
691410,66392
691490,66392
700100,66414
700210,66415
700220,66415
700231,66415
700232,66415
700239,66415
700312,664
700319,664
700320,664
700330,664
700420,664
700490,664
700510,664
700521,664
700529,664
700530,664
700600,66491
700711,6647
700719,6647
700721,6647
700729,6647
700800,66491
700910,6648
700991,6648
700992,6648
701010,66581
701020,665
701090,665
701110,66492
701120,66492
701190,66492
701310,6652
701322,6652
701328,6652
701333,6652
701337,6652
701341,6652
701342,6652
701349,6652
701391,6652
701399,6652
701400,81241
701510,664
701590,664
701610,66582
701690,66491
701710,66581
701720,66581
701790,66581
701810,66582
701820,66582
701890,66582
701911,65195
701912,65195
701919,65195
701931,66494
701932,66494
701939,66494
701940,6546
701951,6546
701952,6546
701959,6546
701990,66494
702000,66589
710110,6671
710121,6671
710122,6671
710210,66721
710221,2771
710229,2771
710231,66722
710239,66729
710310,6673
710391,6673
710399,6673
710410,6674
710420,6674
710490,6674
710510,27721
710590,27721
710610,68114
710691,68113
710692,68114
710700,68112
710811,97101
710812,97101
710813,97101
710900,97102
711011,681
711019,68125
711021,6812
711029,68125
711031,6812
711039,68125
711041,6812
711049,68125
711100,68122
711230,97103
711291,97103
711292,28902
711299,28902
711311,89731
711319,89731
711320,89731
711411,89732
711419,89732
711420,89732
711510,8974
711590,8974
711610,89733
711620,89733
711711,8972
711719,8972
711790,661
711810,9610
720110,6712
720120,6712
720150,6712
720211,67161
720219,67161
720221,67162
720229,67162
720230,67169
720241,67169
720249,67169
720250,67169
720260,67169
720270,67169
720280,67169
720291,67169
720292,67169
720293,67169
720299,67169
720310,67133
720390,67133
720410,28201
720421,28202
720429,28202
720430,28209
720441,28209
720449,28209
720450,6724
720510,67131
720521,67132
720529,67132
720610,67241
720690,67245
720711,67251
720712,67251
720719,67251
720720,67251
720810,67271
720825,67271
720826,67271
720827,67271
720836,67271
720837,67271
720838,67271
720839,67271
720840,672
720851,672
720852,672
720853,672
720854,672
720890,674
720915,674
720916,674
720917,674
720918,674
720925,674
720926,674
720927,674
720928,674
720990,67491
721011,6747
721012,6747
721020,67491
721030,67491
721041,67491
721049,67491
721050,67491
721061,67491
721069,67491
721070,67491
721090,67491
721113,672
721114,672
721119,672
721123,674
721129,674
721190,674
721210,6747
721220,67491
721230,674
721240,67491
721250,67491
721260,67491
721310,673
721320,673
721391,673
721399,673
721410,673
721420,6732
721430,6732
721491,673
721499,673
721510,673
721550,677
721590,673
721610,67333
721621,67333
721622,67333
721631,6733
721632,6733
721633,6733
721640,6733
721650,67333
721661,67701
721669,67701
721691,673
721699,673
721710,67701
721720,67701
721730,67701
721790,67701
721810,67243
721891,67254
721899,67254
721911,67274
721912,67274
721913,67274
721914,67274
721921,67443
721922,67443
721923,67453
721924,67463
721931,67443
721932,67453
721933,67463
721934,67463
721935,67463
721990,67493
722011,672
722012,674
722020,674
722090,67493
722100,673
722211,673
722219,673
722220,67324
722230,67324
722240,67338
722300,67704
722410,67244
722490,67251
722511,67271
722519,67271
722530,67271
722540,674
722550,674
722591,674
722592,674
722599,674
722611,674
722619,674
722620,674
722691,67454
722692,67454
722699,67494
722710,673
722720,673
722790,673
722810,673
722820,673
722830,673
722840,67325
722850,67325
722860,67325
722870,67339
722880,6732
722920,67705
722990,67705
730110,6911
730120,6911
730210,67601
730230,67602
730240,67602
730290,67602
730300,6781
730411,6782
730419,6782
730422,723
730423,723
730424,723
730429,723
730431,6782
730439,6782
730441,6782
730449,6782
730451,6782
730459,6782
730490,6782
730511,6783
730512,6783
730519,6783
730520,6783
730531,6783
730539,6783
730590,6783
730611,6783
730619,6783
730621,6783
730629,6783
730630,6783
730640,6783
730650,6783
730661,6783
730669,6783
730690,6783
730711,6785
730719,6785
730721,6785
730722,6785
730723,6785
730729,6785
730791,6785
730792,6785
730793,6785
730799,6785
730810,6911
730820,6911
730830,6911
730840,6911
730890,6911
730900,692
731010,699
731021,699
731029,699
731100,69243
731210,69311
731290,69311
731300,6932
731412,69351
731414,69351
731419,69351
731420,69351
731431,69351
731439,69351
731441,69351
731442,69351
731449,69351
731450,69351
731511,6992
731512,6992
731519,6992
731520,6992
731581,6992
731582,6992
731589,6992
731590,6992
731600,69971
731700,69401
731811,69402
731812,69402
731813,69402
731814,69402
731815,69402
731816,69402
731819,69402
731821,69402
731822,69402
731823,69402
731824,69402
731829,69402
731940,69932
731990,69931
732010,69941
732020,69941
732090,69941
732111,69731
732112,69731
732119,69731
732181,69732
732182,69732
732189,69732
732190,69733
732211,8121
732219,8121
732290,8121
732310,69741
732391,69741
732392,69741
732393,69741
732394,69741
732399,69741
732410,72848
732421,72848
732429,72848
732490,72848
732510,67941
732591,697
732599,697
732611,6793
732619,6793
732620,69979
732690,69979
740100,28712
740200,68212
740311,68212
740312,68212
740313,68212
740319,68212
740321,68212
740322,68212
740329,68212
740400,28821
740500,682
740610,68224
740620,68224
740710,68221
740721,68221
740729,68221
740811,68221
740819,68221
740821,68221
740822,68221
740829,68221
740911,68222
740919,68222
740921,68222
740929,68222
740931,68222
740939,68222
740940,68222
740990,68222
741011,68223
741012,68223
741021,68223
741022,68223
741110,68225
741121,68225
741122,68225
741129,68225
741210,68226
741220,68226
741300,69312
741510,69403
741521,69403
741529,69403
741533,69403
741539,69403
741810,697
741820,69752
741910,69981
741991,69981
741999,69981
750110,28722
750120,28722
750210,6831
750220,6831
750300,28822
750400,68322
750511,68321
750512,68321
750521,68321
750522,68321
750610,68322
750620,68322
750711,68323
750712,68323
750720,68323
750810,69982
750890,69982
760110,6841
760120,6841
760200,28823
760310,68424
760320,68424
760410,6842
760421,6842
760429,6842
760511,68421
760519,68421
760521,68421
760529,68421
760611,68422
760612,68422
760691,68422
760692,68422
760711,68423
760719,68423
760720,68423
760810,68425
760820,68425
760900,68426
761010,6912
761090,6912
761100,69242
761210,699
761290,699
761300,69244
761410,69313
761490,69313
761510,69743
761520,69753
761610,69983
761691,69983
761699,69983
780110,68512
780191,6851
780199,6851
780200,28824
780411,6852
780419,6852
780420,6852
780600,699
790111,6861
790112,6861
790120,6861
790200,28825
790310,68633
790390,68633
790400,68631
790500,68632
790700,69985
800110,6871
800120,6871
800200,28826
800300,68721
800700,69986
810110,68911
810194,68911
810196,69991
810197,68911
810199,69991
810210,68912
810294,68912
810295,69992
810296,69992
810297,68912
810299,69992
810320,68913
810330,68913
810390,69993
810411,68915
810419,68915
810420,68914
810430,69994
810490,69994
810520,68999
810530,68999
810590,69999
810600,689
810720,68999
810730,68999
810790,69999
810820,68999
810830,68999
810890,69999
810920,68999
810930,68999
810990,69999
811010,689
811020,689
811090,689
811100,689
811212,68991
811213,68991
811219,69995
811221,689
811222,689
811229,689
811251,68999
811252,68999
811259,69999
811292,68999
811299,69999
811300,689
820110,695
820130,695
820140,695
820150,695
820160,695
820190,695
820210,69531
820220,69531
820231,69531
820239,69531
820240,69531
820291,69531
820299,69531
820310,69533
820320,69534
820330,69534
820340,69534
820411,69541
820412,69541
820420,69541
820510,69539
820520,69539
820530,69539
820540,69539
820551,69539
820559,69539
820560,69539
820570,69539
820590,69539
820600,6953
820713,69541
820719,69541
820720,69541
820730,69541
820740,69541
820750,69541
820760,69541
820770,69541
820780,69541
820790,69541
820810,69542
820820,69542
820830,69542
820840,69542
820890,69542
820900,69543
821000,69781
821110,69608
821191,69608
821192,69608
821193,69608
821194,69608
821195,69608
821210,69603
821220,69603
821290,69603
821300,69604
821410,69605
821420,69605
821490,69605
821510,69606
821520,69606
821591,69606
821599,69606
830110,69911
830120,69911
830130,69911
830140,69911
830150,69911
830160,69911
830170,69911
830210,69913
830220,69913
830230,69913
830241,69913
830242,69913
830249,69913
830250,69913
830260,69913
830300,69912
830400,699
830510,6940
830520,6940
830590,6940
830610,69962
830621,699
830629,699
830630,699
830710,69961
830790,69961
830810,69933
830820,69933
830890,69933
830910,69979
830990,69979
831000,69964
831110,69965
831120,69965
831130,69965
831190,69965
840110,7187
840120,743
840130,7187
840140,7187
840211,7111
840212,7111
840219,7111
840220,7111
840290,71191
840310,8121
840390,8121
840410,8121
840420,7112
840490,8121
840510,7411
840590,7411
840610,7126
840681,7126
840682,7126
840690,7129
840710,71311
840721,71331
840729,71332
840731,7132
840732,7132
840733,7132
840734,7132
840790,7132
840810,71332
840820,7132
840890,7138
840910,71319
840991,7139
840999,7139
841011,71882
841012,71882
841013,71882
841090,71889
841111,7144
841112,7144
841121,71481
841122,71481
841181,71488
841182,71488
841191,71491
841199,71499
841210,7144
841221,71882
841229,7188
841231,71888
841239,7188
841280,7188
841290,7149
841311,74281
841319,74288
841320,7421
841330,742
841340,7421
841350,7421
841360,7423
841370,7422
841381,7421
841382,74288
841391,7429
841392,7429
841410,7431
841420,7431
841430,7431
841440,7431
841451,743
841459,743
841460,743
841480,743
841490,743
841510,7415
841520,7415
841581,7415
841582,7415
841583,7415
841590,7415
841610,7412
841620,7412
841630,7412
841690,7412
841710,74132
841720,74132
841780,74132
841790,74132
841810,775
841821,775
841829,775
841830,74141
841840,74141
841850,74141
841861,74141
841869,74141
841891,74149
841899,74149
841911,7416
841919,7416
841920,7416
841931,7416
841932,7416
841939,7416
841940,7416
841950,7416
841960,7416
841981,7416
841989,7416
841990,714
842010,74521
842091,74521
842099,74521
842111,7435
842112,7435
842119,7435
842121,7436
842122,7436
842123,7436
842129,7436
842131,7436
842139,7436
842191,7439
842199,7439
842211,7753
842219,74522
842220,74522
842230,74522
842240,74522
842290,74523
842310,74525
842320,74525
842330,74525
842381,74525
842382,74525
842389,74525
842390,74526
842410,74527
842420,74527
842430,74527
842441,74527
842449,74527
842482,74527
842489,74527
842490,74527
842511,74421
842519,74421
842531,74421
842539,74421
842541,74428
842542,74428
842549,74428
842611,74422
842612,744
842619,74422
842620,74422
842630,74422
842641,744
842649,744
842691,74428
842699,74428
842710,74411
842720,74411
842790,74428
842810,74424
842820,74423
842831,74428
842832,74428
842833,74428
842839,74428
842840,74425
842860,74428
842890,74428
842911,72341
842919,72341
842920,72341
842930,72343
842940,723
842951,723
842952,723
842959,723
843010,74428
843020,72345
843031,72343
843039,72344
843041,72343
843049,72344
843050,72343
843061,72346
843069,72346
843110,7449
843120,744
843131,7449
843139,7449
843141,7239
843142,7239
843143,7239
843149,723
843210,72111
843221,72113
843229,72113
843231,72112
843239,72112
843241,72112
843242,72112
843280,72118
843290,72119
843311,72121
843319,72121
843320,72123
843330,72123
843340,72123
843351,72122
843352,72123
843353,72123
843359,72123
843360,72124
843390,72129
843410,72131
843420,72138
843490,72139
843510,72191
843590,72198
843610,72197
843621,72197
843629,72197
843680,72197
843691,72199
843699,72199
843710,721
843780,72711
843790,72129
843810,72722
843820,72722
843830,72722
843840,72722
843850,72722
843860,72722
843880,72722
843890,727
843910,72511
843920,72512
843930,72512
843991,72591
843999,72591
844010,72681
844090,72689
844110,7252
844120,7252
844130,7252
844140,7252
844180,7252
844190,725
844230,72631
844240,72691
844250,724
844311,726
844312,72641
844313,726
844314,726
844315,726
844316,726
844317,72641
844319,724
844331,752
844332,752
844339,751
844391,726
844399,7599
844400,72441
844511,72442
844512,72442
844513,72442
844519,72442
844520,72443
844530,72443
844540,72443
844590,72453
844610,72451
844621,72451
844629,72451
844630,72451
844711,72452
844712,72452
844720,72452
844790,72453
844811,72443
844819,72443
844820,724
844831,724
844832,724
844833,724
844839,724
844842,72469
844849,72469
844851,72469
844859,72469
844900,72848
845011,775
845012,775
845019,775
845020,72471
845090,72479
845110,72472
845121,775
845129,72473
845130,7247
845140,7247
845150,7247
845180,7247
845190,72479
845210,72431
845221,72431
845229,72431
845230,72439
845290,72439
845310,7248
845320,7248
845380,7248
845390,7248
845410,73711
845420,73711
845430,73711
845490,73719
845510,73721
845521,73721
845522,73721
845530,73729
845590,73729
845611,72848
845612,72848
845620,7281
845630,7281
845640,728
845650,728
845690,728
845710,7367
845720,7367
845730,7367
845811,73613
845819,73613
845891,73613
845899,73613
845910,7361
845921,73615
845929,73615
845931,73614
845939,73614
845941,73614
845949,73614
845951,73614
845959,73614
845961,73614
845969,73614
845970,73618
846012,73619
846019,73619
846022,73619
846023,73619
846024,73619
846029,73619
846031,73619
846039,73619
846040,73619
846090,73619
846120,7367
846130,7367
846140,73619
846150,73616
846190,7367
846210,73621
846221,73622
846229,73622
846231,7362
846239,7362
846241,73623
846249,73623
846291,736
846299,736
846310,7367
846320,7367
846330,7367
846390,7367
846410,72811
846420,72811
846490,72811
846510,72812
846520,72812
846591,72812
846592,72812
846593,72812
846594,72812
846595,72812
846596,72812
846599,72812
846610,7368
846620,7368
846630,7368
846691,72819
846692,72819
846693,778
846694,72849
846711,74511
846719,74511
846721,7784
846722,7784
846729,7784
846781,74511
846789,74511
846791,74519
846792,74519
846799,74519
846810,73731
846820,73731
846880,72845
846890,72849
847010,75121
847021,75121
847029,75121
847030,75121
847050,75123
847090,75128
847130,7522
847141,752
847149,752
847150,752
847160,7525
847170,7525
847180,7525
847190,7525
847210,75181
847230,75188
847290,75188
847321,7599
847329,7599
847330,7599
847340,7599
847350,7599
847410,72831
847420,72832
847431,72833
847432,72833
847439,72833
847480,72834
847490,72839
847510,72841
847521,72841
847529,72841
847590,72841
847621,74524
847629,74524
847681,74524
847689,74524
847690,74524
847710,72842
847720,72842
847730,72842
847740,72842
847751,72842
847759,72842
847780,72842
847790,72849
847810,72843
847890,72849
847910,72348
847920,72721
847930,72844
847940,72848
847950,72848
847960,72848
847971,72848
847979,72848
847981,72848
847982,72848
847989,72848
847990,72849
848010,74991
848020,74991
848030,893
848041,74991
848049,74991
848050,74991
848060,74991
848071,74991
848079,74991
848110,7492
848120,7492
848130,7492
848140,7492
848180,7492
848190,7492
848210,7491
848220,7491
848230,7491
848240,7491
848250,7491
848280,7491
848291,7491
848299,7491
848310,7493
848320,7493
848330,7493
848340,7493
848350,7493
848360,7493
848390,7493
848410,7499
848420,7499
848490,7499
848610,728
848620,728
848630,728
848640,728
848690,778
848710,74999
848790,74999
850110,716
850120,71621
850131,7161
850132,7161
850133,7161
850134,7161
850140,71621
850151,71621
850152,71621
850153,71621
850161,71622
850162,71622
850163,71622
850164,71622
850211,71623
850212,71623
850213,71623
850220,71623
850231,7161
850239,7161
850240,7163
850300,7169
850410,771
850421,77111
850422,77111
850423,77111
850431,77118
850432,77118
850433,77118
850434,77118
850440,77121
850450,77122
850490,77129
850511,77881
850519,77881
850520,77881
850590,77881
850610,77811
850630,77811
850640,77811
850650,77811
850660,77811
850680,77811
850690,77811
850710,77812
850720,77812
850730,77812
850740,77812
850750,77812
850760,77812
850780,77812
850790,77819
850811,72848
850819,72848
850860,72848
850870,72849
850940,775
850980,7757
850990,77579
851010,7754
851020,7754
851030,7757
851090,696
851110,77831
851120,77831
851130,77831
851140,77831
851150,77831
851180,77831
851190,77831
851210,77832
851220,77832
851230,77832
851240,77832
851290,77832
851310,81243
851390,81243
851410,74131
851420,74131
851430,74131
851440,74131
851490,74131
851511,73732
851519,73732
851521,73732
851529,73732
851531,73732
851539,73732
851580,7284
851590,728
851610,77581
851621,77582
851629,77582
851631,77586
851632,77586
851633,77586
851640,77584
851650,77586
851660,77586
851671,77586
851672,77586
851679,77586
851680,77587
851690,77589
851711,7643
851712,7643
851718,7643
851761,7643
851762,7643
851769,7643
851770,759
851810,7642
851821,7642
851822,7642
851829,7642
851830,778
851840,7642
851850,7642
851890,778
851920,88122
851930,76318
851950,88122
851981,881
851989,881
852110,76381
852190,76381
852210,76499
852290,76499
852321,8983
852329,8983
852341,8983
852349,8983
852351,7764
852352,7764
852359,7764
852380,8983
852550,7643
852560,7643
852580,76381
852610,76483
852691,76483
852692,76483
852712,7622
852713,7622
852719,7622
852721,7621
852729,7621
852791,7628
852792,7628
852799,7628
852842,752
852849,752
852852,752
852859,752
852862,752
852869,752
852871,761
852872,761
852873,761
852910,759
852990,759
853010,77882
853080,77882
853090,77882
853110,77883
853120,77883
853180,77883
853190,77883
853210,77884
853221,77884
853222,77884
853223,77884
853224,77884
853225,77884
853229,77884
853230,77884
853290,77884
853310,7723
853321,7723
853329,7723
853331,7723
853339,7723
853340,7723
853390,7723
853400,7722
853510,7721
853521,7721
853529,7721
853530,7721
853540,7721
853590,7721
853610,7721
853620,7721
853630,7721
853641,7721
853649,7721
853650,7721
853661,7721
853669,7721
853670,89399
853690,7721
853710,7721
853720,7721
853810,7721
853890,7721
853910,871
853921,77821
853922,77821
853929,77821
853931,77822
853932,77822
853939,77822
853941,77824
853949,77824
853950,77886
853990,77832
854011,7761
854012,7761
854020,7762
854040,7762
854060,7762
854071,7762
854079,7762
854081,7762
854089,7762
854091,77689
854099,77689
854110,7763
854121,7763
854129,7763
854130,7763
854140,7763
854150,7763
854160,77681
854190,77689
854231,776
854232,776
854233,776
854239,776
854290,77689
854310,77885
854320,77886
854330,77886
854370,77886
854390,7764
854411,7731
854419,7731
854420,7731
854430,7731
854442,7731
854449,7731
854460,7731
854470,88411
854511,77887
854519,77887
854520,77887
854590,77887
854610,77322
854620,77323
854690,77324
854710,77326
854720,77327
854790,77327
854810,7764
854890,7764
860110,7911
860120,7911
860210,7912
860290,7912
860310,7913
860390,7913
860400,791
860500,7914
860610,79152
860630,79152
860691,79152
860692,79152
860699,79152
860711,79199
860712,79199
860719,79199
860721,79199
860729,79199
860730,79199
860791,79199
860799,79199
860800,778
860900,78613
870110,7224
870120,7832
870130,7223
870191,7224
870192,7224
870193,7224
870194,7224
870195,7224
870210,7831
870220,7831
870230,7831
870240,7831
870290,7831
870310,7821
870321,7810
870322,7810
870323,7810
870324,7810
870331,7810
870332,7810
870333,7810
870340,7810
870350,7810
870360,7810
870370,7810
870380,7810
870390,7810
870410,7821
870421,7821
870422,7821
870423,7821
870431,7821
870432,7821
870490,7821
870510,7822
870520,7822
870530,7822
870540,7822
870590,7822
870600,7841
870710,7842
870790,7842
870810,7849
870821,7849
870829,7849
870830,7849
870840,7849
870850,7849
870870,7849
870880,7849
870891,7849
870892,7849
870893,7849
870894,7849
870895,7849
870899,7849
870911,74411
870919,74411
870990,74419
871000,95101
871110,7851
871120,7851
871130,7851
871140,7851
871150,7851
871160,7851
871190,7851
871200,7852
871310,78531
871390,78531
871410,78539
871420,78539
871491,78539
871492,78539
871493,78539
871494,78539
871495,78539
871496,78539
871499,78539
871500,8941
871610,78611
871620,78612
871631,78612
871639,78612
871640,78681
871680,78681
871690,78689
880100,79281
880211,7921
880212,7921
880220,7922
880230,7923
880240,7924
880260,764
880310,7929
880320,7929
880330,7929
880390,792
880400,7929
880510,79283
880521,79283
880529,79283
890110,79323
890120,79322
890130,79323
890190,79323
890200,79324
890310,79321
890391,79321
890392,79321
890399,79321
890400,79381
890510,79382
890520,79382
890590,79382
890610,793
890690,793
890710,79383
890790,79383
890800,793
900110,871
900120,871
900130,88411
900140,88411
900150,88411
900190,871
900211,88412
900219,88412
900220,88412
900290,88412
900311,88421
900319,88421
900390,88421
900410,88422
900490,88422
900510,87101
900580,8710
900590,8710
900630,88111
900640,88111
900651,88111
900652,88111
900653,88111
900659,88111
900661,88112
900669,88112
900691,88119
900699,88119
900710,88122
900720,88122
900791,88129
900792,88129
900850,88131
900890,88131
901010,88139
901050,88139
901060,88139
901090,88139
901110,87104
901120,87104
901180,87104
901190,87104
901210,87103
901290,87103
901310,87109
901320,87109
901380,87109
901390,87109
901410,87483
901420,87483
901480,87483
901490,8749
901510,874
901520,874
901530,874
901540,874
901580,874
901590,874
901600,874
901710,874
901720,874
901730,874
901780,874
901790,8749
901811,7741
901812,7741
901813,7741
901814,7741
901819,7741
901820,7741
901831,87202
901832,87202
901839,87202
901841,87201
901849,872
901850,87202
901890,87202
901910,87203
901920,87203
902000,87203
902110,89962
902121,89962
902129,89962
902131,89962
902139,89962
902140,89961
902150,89962
902190,89962
902212,7742
902213,7742
902214,7742
902219,7742
902221,7742
902229,7742
902230,7742
902290,7742
902300,87452
902410,87483
902480,87483
902490,8749
902511,87483
902519,87483
902580,87483
902590,8749
902610,874
902620,874
902680,874
902690,8749
902710,874
902720,874
902730,874
902750,874
902780,874
902790,874
902810,8731
902820,8731
902830,8731
902890,8749
902910,87483
902920,87483
902990,8749
903010,87482
903020,87483
903031,87483
903032,87483
903033,87483
903039,87483
903040,87483
903082,87483
903084,87483
903089,87483
903090,8749
903110,874
903120,874
903141,874
903149,874
903180,874
903190,8749
903210,8743
903220,8743
903281,8743
903289,8743
903290,8749
903300,8749
910111,88511
910119,88511
910121,88511
910129,88511
910191,88511
910199,88511
910211,88511
910212,88511
910219,88511
910221,88511
910229,88511
910291,88511
910299,88511
910310,88512
910390,88512
910400,88521
910511,88522
910519,88522
910521,88522
910529,88522
910591,88522
910599,88522
910610,88523
910690,88523
910700,88524
910811,88513
910812,88513
910819,88513
910820,88513
910890,88513
910910,88525
910990,88525
911011,88529
911012,88529
911019,88529
911090,88529
911110,88514
911120,88514
911180,88514
911190,88514
911220,88526
911290,88526
911310,89731
911320,89731
911390,658
911410,88529
911430,88529
911440,88529
911490,88529
920110,89811
920120,89811
920190,89811
920210,8981
920290,8981
920510,89823
920590,89823
920600,89824
920710,89825
920790,89825
920810,89829
920890,89829
920930,8989
920991,8989
920992,8989
920994,8989
920999,8989
930110,95102
930120,95102
930190,95102
930200,95105
930310,89461
930320,89461
930330,89461
930390,89461
930400,89462
930510,95109
930520,95109
930591,628
930599,628
930621,89463
930629,89463
930630,95106
930690,95106
930700,95104
940110,82111
940120,82111
940130,82111
940140,82111
940152,82111
940153,82111
940159,82111
940161,82111
940169,82111
940171,82111
940179,82111
940180,821
940190,82119
940210,82121
940290,82121
940310,82191
940320,821
940330,82192
940340,82192
940350,82192
940360,82192
940370,82199
940382,821
940383,821
940389,821
940390,82199
940410,82122
940421,82122
940429,82122
940430,82122
940490,82122
940510,871
940520,812
940530,89425
940540,871
940550,893
940560,893
940591,87109
940592,871
940599,871
940610,893
940690,893
950300,785
950420,89424
950430,89424
950440,89424
950450,89424
950490,89424
950510,89425
950590,89425
950611,89472
950612,89472
950619,89472
950621,89472
950629,89472
950631,89472
950632,89472
950639,89472
950640,894
950651,89472
950659,89472
950661,894
950662,894
950669,894
950670,89472
950691,89472
950699,894
950710,89471
950720,89471
950730,89471
950790,89471
950810,89473
950890,89473
960110,89911
960190,89911
960200,89919
960310,7284
960321,7284
960329,7284
960330,7284
960340,7284
960350,7284
960390,7284
960400,89981
960500,831
960610,89983
960621,89983
960622,89983
960629,89983
960630,89983
960711,89984
960719,89984
960720,89984
960810,89521
960820,89521
960830,89521
960840,89521
960850,89521
960860,89521
960891,89522
960899,89521
960910,89523
960920,89523
960990,89523
961000,89592
961100,89593
961210,89594
961220,89594
961310,89934
961320,89934
961380,89934
961390,89934
961400,89935
961511,89399
961519,89399
961590,89399
961610,89986
961620,89982
961700,89997
961800,89987
961900,893
962000,759
970110,89601
970190,658
970200,89602
970300,89603
970400,89604
970500,89605
970600,89606
999999,9310